Author,Message,Date
Christoffer,hello fellow gamers,09/08/2024 17:17:11
Christoffer,how is it hanging fellow jungsters,09/08/2024 17:17:50
rasmu,hello,09/10/2024 11:01:40
rasmu,"""string quotes check""",09/10/2024 11:07:59
rasmu,string quotes check,09/10/2024 11:08:31
rasmu,"string quotes, and commas, check",09/10/2024 11:10:45
Christoffer,kanin øre test,09/10/2024 17:47:43
Christoffer,"kanin ""øre"" testnummer 2",09/10/2024 17:48:54
mathias,Did i do it?,09/11/2024 18:38:39
mathias,This is on the same line?,09/11/2024 18:40:21
rasmu,"Hello, World!, test",09/12/2024 12:21:15
chris,WEB WEB,09/18/2024 15:34:35
